date,comment,link,Feelings
2024-12-11,이렇게 매월 LX 관련 소식들을 깔끔하게 정리해서 올려주시니 보기에도 정말 편하고 좋은 것 같습니다 그 중에서도 노후 계획 도시 정보 플랫폼은 정말 실용적으로 잘 활용될거 같아 흥미로웠습니다 세계로 진출해나가는 한국국토정보공사가 정말 대단하네요좋아요최고에요,https://www.youtube.com/watch?v=wIVRoPuEzS0,Positive
2024-12-11,"12월 LX의 다양한 소식들 잘 봤습니다 좋아요
혁신기술의 집약체로 더 진화하고 있는 2024 KGEO 페스타가 특히 인상깊네요",https://www.youtube.com/watch?v=wIVRoPuEzS0,Positive
2024-12-11,"연말 축제처럼 여러 소식이 소식으로 가득한 영상이네요 
12월 LX Top1 축제의 현장 잘 살펴보았습니다 디지털트윈 공간정보 기술의 끝은 과연 어디일지 흥미롭네요",https://www.youtube.com/watch?v=wIVRoPuEzS0,Positive
2024-12-11,LX TOP1 12월호를 통해 다양한 행사들에 대해 잘 보았습니ㅏㄷ! 주수빈님 덕분에 내용이 더 알차네요 LX소식 알차게 들려주셔서 감사합니다,https://www.youtube.com/watch?v=wIVRoPuEzS0,Positive
2024-12-11,"2024 KGEO Festa 기대가 많습니다
많은 분들에게 이렇게 좋은 영상을 전달할 수 있기에 참행복한거 같아요 멋진 뉴스입니다좋아요",https://www.youtube.com/watch?v=wIVRoPuEzS0,Positive
2024-12-11,여러가지 행사가 있네요 lx 대박스이에요 페스타 대박스!,https://www.youtube.com/watch?v=wIVRoPuEzS0,Positive
2024-12-11,"정말 열심히 일을 한 우리 LX한국국토정보공사 관계자 여러분
정말 수고하셨고 취임 1주년도 마음 가득 담아 축하드립니다좋아요",https://www.youtube.com/watch?v=wIVRoPuEzS0,Positive
2024-12-11,Kgeo 가 뭔가 했더니 이런거였군요! 디지털 트윈화이팅! 페스타 화이팅.. ㅎㅎ,https://www.youtube.com/watch?v=wIVRoPuEzS0,Positive
2024-12-11,"LX TOP1 12월호 열렬히 응원합니다..
좋아요구독완료..알림설정완료.
앞으로도 더욱더 사랑받길 바라며  많은분들의 
관심과 사랑의 손길이 이어지길 기원합니다.",https://www.youtube.com/watch?v=wIVRoPuEzS0,Positive
2024-12-11,2024 KGEO 페스타 너무 기대되네요 다들 가서 구경도 하면서 즐겨봐요! 기대기대,https://www.youtube.com/watch?v=wIVRoPuEzS0,Positive
2024-12-11,16회 2024년 KGEO 페스타에 대해서 깔끔한 진행으로 요약해 주셔서 감사해요! 규모가 정말 컸네요. 디지털 지구! LX공사의 기술력을 소개하고 관리모델을 선보이는 중요한 자리가 되었네요! 세계로 더 나아가는 계기가 되었으면 좋겠습니다.,https://www.youtube.com/watch?v=wIVRoPuEzS0,Positive
2024-12-11,국내 최초로 개발한 위성 측량장비 LX GNSS 초소형 장비 신박하네요!,https://www.youtube.com/watch?v=wIVRoPuEzS0,Positive
2024-12-11,"2024 KGEO Festa에 대한 내용 알고갑니다
성공적으로 개최되기를 기대하고 국내 최초  위성 측량장비, LX GNSS 개발 소식까지 알차게 알고 갑니다! 새로운 소식 기대하고 주위 친구들에게도 추천하고 자주 방문할게요!",https://www.youtube.com/watch?v=wIVRoPuEzS0,Positive
2024-12-11,KGEO 페스타 소식을 구석구석 잘 볼 수 있었네요. 박람회는 언제나 재미있고 유익하네요.,https://www.youtube.com/watch?v=wIVRoPuEzS0,Positive
2024-12-11,12월의 LX한국국토정보공사의 소식이 정말 알차네요! 2024 KGEO Festa에 대한 내용을 짧게 요약해서 말씀해주셔서 좋았고 LX GNSS에 대해서도 알아갈 수 있는 시간이였습니다. 앞으로도 LX에 많은 좋은일들이 일어나기를 응원합니다!,https://www.youtube.com/watch?v=wIVRoPuEzS0,Positive
2024-12-11,lx공간정보를 빛내기위해 노력하는 직원분들을 보니 저도 빨리 lx에 들어가 빛나는 사람이 되고 싶어요 멋있고 자랑스럽습니다!!,https://www.youtube.com/watch?v=wIVRoPuEzS0,Positive
2024-12-11,KGEO 페스타 영상을 보니 대한민국 공간정보 기술의 놀라운 발전이 느껴지네요! 다양한 혁신 사례와 미래지향적인 비전이 정말 인상적이었습니다. 특히 기술이 일상에 어떻게 활용되는지 보여주는 부분이 흥미로웠어요. 앞으로도 이런 행사를 통해 공간정보의 무한한 가능성을 더 많은 사람들과 공유할 수 있기를 바랍니다!,https://www.youtube.com/watch?v=wIVRoPuEzS0,Positive
2024-12-11,페스타에 가보고 싶었지만 일정 상 가지 못했는데 이렇게 소식을 들으니 너무 좋네요,https://www.youtube.com/watch?v=wIVRoPuEzS0,Positive
2024-12-11,"2024 KGEO Festa  기대되네요
많은 분들께 사랑받으시기를 응원합니다 화이팅!! ",https://www.youtube.com/watch?v=wIVRoPuEzS0,Positive
2024-12-11,"KGEO페스타에서 소개된 국내 최초 위성 측량장비 LX GNSS의 관심이 대단하네요!! 
내년에도 LX TOP1 이 많은 국민들의 호기심과 미래 기술의 열망에 대답하길 응원합니다.",https://www.youtube.com/watch?v=wIVRoPuEzS0,Positive
2024-12-11,2024 KGEO 페스타와 LX GNSS 개발 소식을 전하는 12월호 LX Top1은 화려하고 흥미로운 내용들로 풍성해서 너무 좋았습니다. 특히 아시아 최대의 공간정보 혁신기술 박람회와 국내 최초의 위성 측량장비 개발 소식은 매우 희소식이네요 연말의 축제 같은 분위기를 달궈주시고 LX의 혁신적인 성과까지.. 제가 다 마음이 뿌듯하네요. 항상 응원합니다. 화이팅!!,https://www.youtube.com/watch?v=wIVRoPuEzS0,Positive
2024-12-11,"LX GNSS 대박 소식 축하드립니다 
응원하겠습니다",https://www.youtube.com/watch?v=wIVRoPuEzS0,Positive
2024-12-11,"흥미로운 연말 소식이네요. 12월 LX Top1 영상은 연말 분위기를 한껏 살려서, KGEO 페스타와 LX GNSS 개발 소식을 전해주시네요. 특히, 아시아 최대의 공간정보 박람회와 혁신 기술을 소개하는 부분이 인상적이었어요. 기업의 발전과 기술 혁신을 함께 느낄 수 있는 영상이라 좋았습니다! 대박",https://www.youtube.com/watch?v=wIVRoPuEzS0,Positive
2024-12-11,LX GNSS가 KGEO 페스타에서 선보인 것이 의미있게 다가왔습니다.,https://www.youtube.com/watch?v=wIVRoPuEzS0,Positive
2024-12-11,나날히 발전해가는 우리나라 공간정보기술 대환영입니다.,https://www.youtube.com/watch?v=wIVRoPuEzS0,Positive
2024-12-11,"2024 KGEO 페스타의 현장 소식을 이렇게 들으니 참여하지 못한 것이 아쉽기도 합니다.
그래도 다양한 소식을 쉽고 자세하게 잘 알려주셔서 그 생생함을 느낄 수 있었습니다.
내년에는 꼭 참석해서 놀라움과 생생함을 직접 느껴보고 싶습니다.",https://www.youtube.com/watch?v=wIVRoPuEzS0,Positive
2024-12-11,"2024 KGEO 페스타 소식 등 다양한 소식을 한눈에 볼 수 있어 유익했습니다.
더불어 미래의 모습이 기대되는 모습들도 볼 수 있어 일상의 변화들이 기대가 되기도 했습니다.
유익한 소식들이 많아서 더욱 든든한 하루가 될 것 같습니다.",https://www.youtube.com/watch?v=wIVRoPuEzS0,Positive
2024-12-11,"이번 LX TOP1 12월호 행복한 소식이 가득하네요.좋아요
아시아 최대 공간정보 혁신기술 박람회인 KGEO페스타 소식과 국내 최초  위성 측량장비인 LX GNSS 개발 소식 너무 멋지네요.
LX의 뛰어난 기술! 힘차게 응원하겠습니다. 사랑해요",https://www.youtube.com/watch?v=wIVRoPuEzS0,Positive
2024-12-11,"2024 KGEO 페스타 소식을 생생하게 전해주셔서 즐거웠습니다.
다양한 체험을 하면서 이색적인 경험을 할 수 있어 즐거움이 가득했으리라 생각합니다.
알찬 소식들이 많아서 흥미롭고 즐거운 시간이었습니다.",https://www.youtube.com/watch?v=wIVRoPuEzS0,Positive
2024-12-11,디지털 국토 플랫폼 응원합니다.  AI와 드론을 이용한 공간정보기술이 계속 발전하고 있는 것을 볼 수 있어서 좋았습니다.,https://www.youtube.com/watch?v=wIVRoPuEzS0,Positive
2024-12-11,12월호 잘 보았습니다,https://www.youtube.com/watch?v=wIVRoPuEzS0,Positive
2024-12-11,"주수빈 아나운서의 친절한 설명 속에 녹아나는 KGEO 페스타
평소 접하기엔 낯선 정보지만 귀에 쏙쏙 잘 들어왔어요!좋아요
디지털 지구, 모두들 위한 더 나은 삶이라는 주제로 펼쳐진 이번 박람회에서 디지털 트윈 기술을 좀 더 널리 알렸다고 생각해요!
사우디아라비아는 특히 네옴시티라는 탈탄소 국가발전 계획을 세우고 도시를 만드는 계획도 진행중에 있어 우리의 기술과 자식을 교류하는 협력은 LX에도 중요한 성과였다고 생각합니다. 세계 여러나라들과 협력하여 발전하고 전진하는 LX한국국토정보공사! 
내년 2025년에도 응원합니다",https://www.youtube.com/watch?v=wIVRoPuEzS0,Positive
2024-12-10,Lx의 기술 개발은 대단하네요.. 지적 측량 기초에 대해 재미있게 공부했었는데 저 작은 장비로 더 정밀란 측량이 가능하다니! 대단해요,https://www.youtube.com/watch?v=wIVRoPuEzS0,Positive
2024-12-10,최고에요 2024 KGEO 페스타를 시행함으로서 각국의 사람들 앞에서 우리의 기술들을 뽐내며 글로벌함을 증명할 수 있는 좋은 기회가 되었네요! 자랑스럽고 멋있습니다  미래 공간정보산업을 선도해나가는 LX이러한 노력을 많은 사람들이 아는 날이 오길 응원합니다,https://www.youtube.com/watch?v=wIVRoPuEzS0,Positive
2024-12-10,"LX GNSS의 국내 최초 개발 소식이라니!
LX가 더욱 성장하길 진심으로 격하게 완전 대박 응원드립니다  짝짝 앞으로도 더욱 더 많은분들에게 사랑받으시길 바라요  사랑해요 사랑해요",https://www.youtube.com/watch?v=wIVRoPuEzS0,Positive
2024-12-10,"국내 최초 LX GNSS 개발과 KGEO 페스타 소식을 접하며 깊은 인상을 받았어요.
LX TOP1 12월호를 보면서 LX의 이야기를 한번에 볼 수 있어 좋았습니다.
해외 진출에 적극적으로 나설 LX 너무 대단하네요 좋은 결과가 있으면 좋겠습니다",https://www.youtube.com/watch?v=wIVRoPuEzS0,Positive
2024-12-10,영상 잘봤습니다LX한국국토정보공사를 진심으로 응원합니다좋아요,https://www.youtube.com/watch?v=wIVRoPuEzS0,Positive
2024-12-10,LX TOP1 12월호를 보면서 LX의 이야기를 한번에 볼 수 있어 좋았습니다.,https://www.youtube.com/watch?v=wIVRoPuEzS0,Positive
2024-12-10,"디지털국토시스템, 오래된도시도 재개발하는부분도 아주새롭습니다..",https://www.youtube.com/watch?v=wIVRoPuEzS0,Negative
2024-12-10,이번 기회 통해 여러 정보를 알게 되어서 정말 좋고 더 많은 분들께 알려지도록 소문 낼게요,https://www.youtube.com/watch?v=wIVRoPuEzS0,Positive
2024-12-10,"LX TOP1 12월 호를 통해 2024 KGEO 페스타, LX GNSS 개발 등 다양한 소식을 알수 있어서 너무 좋았아요 끊임없는 혁식을 추구하고 있는 LX의 무한한 성장 응원합니다",https://www.youtube.com/watch?v=wIVRoPuEzS0,Positive
2024-12-10,lx 축제의현장 저도 정말 나중에는 꼭 한번은 가보고싶어요 !! ㅎㅎ,https://www.youtube.com/watch?v=wIVRoPuEzS0,Positive
2024-12-10,디지털트윈을 점점 활용할거라는것에 기대가 되네요! 열심히 공부해서 국토정보공사에 들어갈수 있도록 노력하겠습니다!,https://www.youtube.com/watch?v=wIVRoPuEzS0,Positive
2024-12-10,새로운 12월호의 얼굴! 반갑네요ㅎㅎLXTV 흥해라,https://www.youtube.com/watch?v=wIVRoPuEzS0,Positive
2024-12-10,"2024 KGEO 페스타 현장 스케치 영상 흥미롭게 잘 봤습니다.
공간정보 산업의 최신 기술과 미래 트렌드를 한 곳에서 확인해 볼 수 있는 유익한 박람회였던 것 같네요. 앞으로도 공간정보 산업의 비전을 공유하고 새로운 비즈니스 모델을 제시하는 행사로 성장하기를 응원합니다.",https://www.youtube.com/watch?v=wIVRoPuEzS0,Positive
2024-12-10,"KGEO 페스타에서 선보인 UAM공간정보 시뮬레이션,  사우디아라비아에 수출한 미래도시 관리모델, 노후계획도시 3차원으로 모델링 등 우수한 사업들을 세계에 알리고 우리나라의 위상을 높여주고 빛내주는 LX공사의 멋진 모습 감동입니다. 앞으로도 번창하세요!!",https://www.youtube.com/watch?v=wIVRoPuEzS0,Positive
2024-12-10,LX화이팅,https://www.youtube.com/watch?v=wIVRoPuEzS0,Positive
2024-12-10,KGEO 페스타 내용이 너무 귀에 쏙쏙들어오네요좋아요,https://www.youtube.com/watch?v=wIVRoPuEzS0,Positive
2024-12-10,"좋은 일들이 가득했던 12월이네요 ㅎㅎ 축하드립니다 앞으로도 반가운 소식들 기달릴게요 늘 응원합니다!!

Ceo 취임1주년도 다시한번 축하드려요",https://www.youtube.com/watch?v=wIVRoPuEzS0,Positive
2024-12-10,"지난 11월에 열린 2024 KGEO 페스타를 이렇게 다시 만나볼 수 있어 좋네요
앞으로도 이런 프로그램이 더 다양해지길 희망해봅니다",https://www.youtube.com/watch?v=wIVRoPuEzS0,Positive
2024-12-10,혁신기술박람회. 기술발전 기대,https://www.youtube.com/watch?v=wIVRoPuEzS0,Negative
2024-12-10,LX GNSS 개발 소식 정말 반가운 소식이네요 국내최초라니 너무 멋진것같아요,https://www.youtube.com/watch?v=wIVRoPuEzS0,Positive
2024-12-10,2024 KGEO 페스타에 많은 분들이 동참하셔서 소통의 시간을 가지셨다니 좋네요. 미래가 더 기대되는 LX가 되길 바라겠습니다.,https://www.youtube.com/watch?v=wIVRoPuEzS0,Positive
2024-12-10,"LX TOP1 공간정보 혁신기술 2024 k  GEO페스타 영상을 통해 디지털 지구 , 모두를 위한 더 나은 삶 을 주제로  혁신적인 기술 아주 좋아요
LX한국국토정보공사의 우수한 공간정보기술 격하게 응원합니다",https://www.youtube.com/watch?v=wIVRoPuEzS0,Positive
2024-12-10,"다양한 분야에서 멋진 활약을 펼치는  LX를 만날 수 있어 좋았고요.
2025년 새해에도 최고의 성과로 많은 사랑받고 대한민국을 빛내주시길 바랍니다!",https://www.youtube.com/watch?v=wIVRoPuEzS0,Positive
2024-12-10,국내 최초 ! 너무 대단한 것 같습니다 ! KGEO 페스타 처음 들어봤는데 잘 알아갑니당 ,https://www.youtube.com/watch?v=wIVRoPuEzS0,Positive
2024-12-10,"와 정말 반가운 소식으로 채워졌네요!!
올 한 해 정말 고생 많으셨습니다.
앞으로도쭉 응원할께요!",https://www.youtube.com/watch?v=wIVRoPuEzS0,Positive
2024-12-10,LX의 알찬 소식이 가득 담긴 영상을 봐서 좋았습니다. 특히나 국내 최초 위성 측량장비 LX GNXX 개발로 혁신을 더해갈 LX의 성장이 더욱 기대됩니다좋아요,https://www.youtube.com/watch?v=wIVRoPuEzS0,Positive
2024-12-10,"캬 멋지다!! ㅎㅎ
LX Top1 12월호 ㅎㅎ 영상 잘 보고 갑니다 ㅎㅎ 진짜 다양한 소식이 많아서 좋네요
ㅎㅎKGED 페스타는 신기하네요 ㅎㅎ",https://www.youtube.com/watch?v=wIVRoPuEzS0,Positive
2024-12-10,"멋진 정보와 알찬 소식 늘 감사해요.사랑해요사랑해요
언제나 북적북적 소란도란 가득하기를 熱熱히 희망할게요 사랑해요사랑해요사랑해요
앞으로도 힐링채움 듬뿍듬뿍 
愛 더 많은 사랑 받으시고 함께 알찬 소통 바랄게요.좋아요",https://www.youtube.com/watch?v=wIVRoPuEzS0,Positive
2024-12-10,"LX Top1 12월호 영상을 통해 국내 최초 LX GNSS 개발과 KGEO 페스타 소식을 접하며 깊은 인상을 받았어요. 첨단 공간정보와 위성 측량 기술에서 우리나라가 세계적 수준으로 발돋움했다는 사실이 자부심을 느끼게 했습니다

특히 LX가 선도적인 역할을 하며 기술 혁신과 디지털 트윈 등 다양한 분야에서 활약하고 있다는 점이 놀라웠어요. 앞으로도 LX의 발전이 계속 이어져 우리 삶의 질을 높이는 데 큰 기여를 하길 기대합니다. LX의 도전을 응원합니다",https://www.youtube.com/watch?v=wIVRoPuEzS0,Positive
2024-12-10,생소한 분야였는데 설명과 영상이 쏙쏙 들오 옵니다. 단 영상이 좀 더 긴듯해 조금 짧게 요약도 좋을듯 합니다.,https://www.youtube.com/watch?v=wIVRoPuEzS0,Negative
2024-12-10,페스타는 처음 접해보는데 좋은 정보 감사해요 좋은 결과 있길 바랄게요 !,https://www.youtube.com/watch?v=wIVRoPuEzS0,Positive
2024-12-10,"2024 KGEO 페스타에서 lx의 공간정보 기술을 선보였군요
도시 재생과 문제 해결,노후 계획 도시정비플랫폼 등 좋은 정보들을 통해 발전상황을 알 수 있는 시간이었습니다",https://www.youtube.com/watch?v=wIVRoPuEzS0,Positive
2024-12-10,"공간정보 혁신기술 박람회는 첨들어보는데! 덕분에 알게되었어요!
KGEO페스타 응원합니다!",https://www.youtube.com/watch?v=wIVRoPuEzS0,Positive
2024-12-10,KGEO 페스타에 멋진 프로그램도 많고 알차네요. LX가 미래 공간정보 산업을 이끌어나갈 앞으로의 모습이 기대되네요,https://www.youtube.com/watch?v=wIVRoPuEzS0,Positive
2024-12-10,해외 진출에 적극적으로 나설 LX 너무 대단하네요 좋은 결과가 있으면 좋겠습니다,https://www.youtube.com/watch?v=wIVRoPuEzS0,Positive
2024-12-10,다음번 KGEO 페스타는 꼭 현장참관해보아야 겠어요,https://www.youtube.com/watch?v=wIVRoPuEzS0,Positive
2024-12-10,"2024 KGEO 페스타 소식 잘 보았습니다. 이런 행사가 있는지 몰랐는데 이 영상을 통해 알게 되었습니다. LX 사장님의 기자회견, GNSS라는 장비를 처음 보게 되어 신기했습니다.",https://www.youtube.com/watch?v=wIVRoPuEzS0,Positive
2024-12-10,KGEO 페스타 잘 봤습니다,https://www.youtube.com/watch?v=wIVRoPuEzS0,Positive
2024-12-10,얼른 경영위기가 극복되었으면 좋겠습니다. 초소형 GNSS는 현장에서 축량하시는분들이 정말 체력적으로 실용적으로 도움이 많이 될 것 같습니다!,https://www.youtube.com/watch?v=wIVRoPuEzS0,Positive
2024-12-10,KGEO 페스타에 각종 프로그램이  넘치네요. IT 기술 기반한 다양한 기술 멋집니다. ,https://www.youtube.com/watch?v=wIVRoPuEzS0,Positive
2024-12-10,"2024 KGEO 페스타 소식
정말 유익하고 알차네요!",https://www.youtube.com/watch?v=wIVRoPuEzS0,Positive
2024-12-10,우와! 공간정보 혁신기술계의 MAMA 어워즈 2024 KGEO 페스타 정말 좋네요 많은 분들이 함께 하는 즐거운 축제 잘 봤습니다 앞으로도 꽃길만 걸으세요!,https://www.youtube.com/watch?v=wIVRoPuEzS0,Positive
2024-12-09,LXGNSS 국산기술 대박 !! UAM구축하여 드론택시 선진국이 되어 블루오션인 항공산업에도 한발짝 앞서나갔으면 하는 바램입니다.,https://www.youtube.com/watch?v=wIVRoPuEzS0,Negative
2024-12-09,KGEO 페스타 약간 생소했는데 잘 알아갑니다 좋은 정보 감사합니다!,https://www.youtube.com/watch?v=wIVRoPuEzS0,Positive
2024-12-09,kego 페스타 가보고 싶었는데 이렇게 영상으로 보게되서 좋네요 국토정보공사도 널리 알려지길 바랍니다!,https://www.youtube.com/watch?v=wIVRoPuEzS0,Positive
2024-12-09,kego 페스타 소식을 알게되어서 좋았습니다! 앞으로도 많은 관심 가질게용,https://www.youtube.com/watch?v=wIVRoPuEzS0,Positive
2024-12-09,KGEO 페스타. 처음 들어보는데요. 공간정보에 관한 소식이 많네요. 다양하고 유익한 정보를 많이 알게 되었습니다.,https://www.youtube.com/watch?v=wIVRoPuEzS0,Positive
2024-12-09,"LX GNSS의 국내 최초 개발 소식이 정말 놀랍습니다! KGEO 페스타에서 선보인 것도 자랑스럽고, LX의 미래가 기대되네요. 첨단 기술로 우리나라가 더 발전할 것 같아 희망이 생깁니다. LX가 더욱 성장하길 응원합니다!",https://www.youtube.com/watch?v=wIVRoPuEzS0,Positive
2024-12-09,"올한해 LX 소식을 한눈을 볼수 있는 아시아 최대 공간정보 혁신기술 박람회, 
KGEO페스타와국내 최초  위성 측량장비, LX GNSS 개발 소식을 쉽게 알수 있어서 유익한 시간이 된것 같네요 
올한해을 마무리 하며 앞으로 어떤 방향을 가지고 새해에는 발전해나가야 되는지 조금은 알수 있는 시간이 된것 같네요",https://www.youtube.com/watch?v=wIVRoPuEzS0,Positive
2024-12-09,"LX TOP1 12월호를 통해 KGEO 페스타를 바르게 알아갈 수 있었네요
앞으로도 좋은 콘텐츠와 정보로 함께 소통 부탁드립니다",https://www.youtube.com/watch?v=wIVRoPuEzS0,Positive
2024-12-09,KGEO 페스타가 정확히 무엇인지 몰랐는데 아시아 최대 혁신기술 박람회가 KGEO 패스타였네요 세계 많은 국가와 기업들이 자국과 자사의 멋진 기술들을 선보이다니!! 현장에서 봤으면 더 놀랍고 흥미로웠을거 같아요ㅎㅎ LX의 기술이 이런 멋진 곳에서 선보여졌다는 것 또한 너무 자랑스럽고 뿌듯하네요! 앞으로가 기대되는 LX 내년에도 멋진 활약 부탁드려요,https://www.youtube.com/watch?v=wIVRoPuEzS0,Positive
2024-12-09,"국내 최초 위성 측량 장비 LX GNSS 개발 소식이 정말 놀랍습니다! 
공간정보 분야에서 기술적 도약을 이루어내는 LX의 열정과 노력이 느껴졌어요. 
앞으로도 글로벌 리더로 자리 잡길 바랍니다.",https://www.youtube.com/watch?v=wIVRoPuEzS0,Positive
2024-12-09,"KGEO페스타가 성황리에 개최되어 LX의 능력과 기술을 다시 한번 보여준 거 같아서 자랑스럽습니다.
세계 무대에서 선보이는 LX공간드림센터 입주 기업 디프리의  디지털 기반의 재난 관리 시스템에 눈길이 갑니다.
기후변화로 자연재해는 매년 주어지는 과제가 되었는데요.
공공기관, 회사 기업 건물이 아닌 소규모, 개별 단위의 재난관리시스템이 더 촘촘히 작동할 수  있기를 바랍니다",https://www.youtube.com/watch?v=wIVRoPuEzS0,Positive
2024-12-09,유익한 정보 감사합니다,https://www.youtube.com/watch?v=wIVRoPuEzS0,Positive
2024-12-09,KGEO 페스타 소식을 자세하게 들을 수 있어서 몰랐던 부분들도 알게되어서 좋았습니다. 특히 LX GNSS가 국내 최초 개발이라는게 자부심도 생기면서 기술력이 엄청 높아보여서 정말 든든한것 같고 존경스럽다는 생각도 듭니다. 앞으로도 좋은 소식이 가득했으면 좋겠고 더많은 사랑과 관심 받기를 응원하겠습니다사랑해요,https://www.youtube.com/watch?v=wIVRoPuEzS0,Positive
2024-12-09,앞으로 공간정보기술이 중요한만큼 LX가 한발짝 더 발전하고 기여를 하고 있다는 생각이 듭니다. 그리고 UAM 기술이 더욱 발전했으면 좋겠다는 개인적인 생각이 듭니다 ㅎㅎ 얼른 경험해보고 싶거든요!,https://www.youtube.com/watch?v=wIVRoPuEzS0,Positive
2024-12-09,"2024 KGEO 페스타 아시아 최대 공간정보 혁신기술 박람회인만큼 
참여한 기업과 기관들도 많고 다양한 기술들도 확인할 수 있는 좋은 기회였네요
사우디아라비아 디지털트위 기술 수출 자랑스럽습니다. 
끊임없이 혁신하고 노력하는 LX 응원합니다!",https://www.youtube.com/watch?v=wIVRoPuEzS0,Positive
2024-12-09,혁신기술 박람회 KGEO 페스타 사실 차음 들었는데 새롭게 알게되었고 LX GNSS 개발 소식은 우리나라 기술력이 여기까지 왔구나  싶어 놀랍습니다!,https://www.youtube.com/watch?v=wIVRoPuEzS0,Positive
2024-12-09,정말 기쁜 소식들로 가득한 정보네요!! 우리나라 기술이 압도적이라는 것을 다시 한번 깨닫게 되는 영상이였습니다 ㅎㅎ,https://www.youtube.com/watch?v=wIVRoPuEzS0,Positive
2024-12-09,"LX가 우리나라를 대표하는 공간정보 혁신의 중심에 있다는 게 자랑스럽고, 앞으로 더 멋진 성과를 만들어갈 거라는 믿음이 생겼습니다. LX의 2025년이 더 기대돼요!",https://www.youtube.com/watch?v=wIVRoPuEzS0,Positive
2024-12-09,"아시아 최대 공간정보 혁신기술 박람회 KGEO 페스타가 제16회를 맞이했었군요 
25개국의 다양한 기관들이 함께해서 그런지 규모도 굉장하고 다양한 혁신기술들을 볼 수 있었던거 같아요!
이렇게 기술들이 발전하는데 다음 페스타에서는 또 어떤 기술들을 보여줄지 너무 기대가 됩니다",https://www.youtube.com/watch?v=wIVRoPuEzS0,Positive
2024-12-09,"출근길 라디오에서 lx디지털트윈,공간정보 광고를 항상 듣고있는데요 영상을 보니 막연했던 내용이 잘 설명되고 이해됩니다 이런 기술이 있단는게 신기하네요 2024kgeo페스타를 통해 앞서나가는 기술력을 볼수 있었습니다",https://www.youtube.com/watch?v=wIVRoPuEzS0,Positive
2024-12-09,이 영상에서는 공간정보 혁신기술의 최전선 소식을 들을 수 있어서 정말 흥미로웠습니다! 특히 KGEO 페스타와 LX GNSS에 대한 소개는 미래 기술의 가능성을 엿볼 수 있는 부분이었어요. 앞으로도 혁신적인 콘텐츠 기대하겠습니다! 좋아요,https://www.youtube.com/watch?v=wIVRoPuEzS0,Positive
2024-12-09,"LX 어명소 사장님의 비전과 LX에서 열심히 일해주시고 있는 직원분들과 신사업 발굴도 중요하지만
LX하면 지적측량이니 경영 위기가 있다고 들었지만 잠시 잠깐의 수요감소라고 생각이 듭니다! 5년 내 경영 정상화의 목표로 포부를 밝히신 만큼
앞으로의 LX의 미래를 응원합니다!",https://www.youtube.com/watch?v=wIVRoPuEzS0,Positive
2024-12-09,2024 KGeo 페스타 성공적인 개최 축하드립니다 ,https://www.youtube.com/watch?v=wIVRoPuEzS0,Positive
2024-12-09,페스타에서 보여준 UAM 상용화 되는 그날을 꿈꾸며좋아요,https://www.youtube.com/watch?v=wIVRoPuEzS0,Positive
2024-12-09,대한민국의 우수한 행정력과 기술력을 뽐낼 수 있어 자랑스러워요,https://www.youtube.com/watch?v=wIVRoPuEzS0,Positive
2024-12-09,"저도 장비를 가지고 산에갔을때 연결이 끊기고 무거워서 힘들었던 경험이 있었는데, 직원분들 대단하십니다최고에요",https://www.youtube.com/watch?v=wIVRoPuEzS0,Positive
2024-12-09,"LX GNSS, 국내 최초라는 타이틀이 너무 대단한 것 같아요. 이런 혁신 기술들이 우리 생활에 얼마나 큰 영향을 미칠지 기대돼요! 이번 12월의 LX Top1은 정말 축제 같았고, 앞으로의 변화가 정말 기대됩니다!",https://www.youtube.com/watch?v=wIVRoPuEzS0,Positive
2024-12-09,"연말의 축제 같은 소식들로 가득 채운 12월의 LX Top1 잘 봤어요.
2024 KGEO Festa 소식을 알아가는 유익한 시간이었어요 좋아요",https://www.youtube.com/watch?v=wIVRoPuEzS0,Positive
2024-12-09,"2024 KGEO 페스타 대박이네요.
수빈아나운서님 너무 멋지십니다.",https://www.youtube.com/watch?v=wIVRoPuEzS0,Positive
2024-12-09,정보를 얻을수 있어서 유익합니다,https://www.youtube.com/watch?v=wIVRoPuEzS0,Positive
2024-12-09,알찬 영상 너무 잘봤어여,https://www.youtube.com/watch?v=wIVRoPuEzS0,Positive
2024-12-09,정말 다양한 성과들이 보여서 좋은 것 같네요 알찬 이야기들 잘 들었으며 응원합니다,https://www.youtube.com/watch?v=wIVRoPuEzS0,Positive
2024-12-06,"웅성웅성우와
진짜 흥미로운 소식이네요 ..",https://www.youtube.com/watch?v=wIVRoPuEzS0,Positive
2024-12-06,멋져요 수빈아나운서님,https://www.youtube.com/watch?v=wIVRoPuEzS0,Positive
2024-12-06,"무슨 자막 필요없는 영상은 첨바여
귀에 쏙쏙 박히네여
흥미로운 소식. 이쁘네",https://www.youtube.com/watch?v=wIVRoPuEzS0,Positive
2024-12-11,LX 차원에서 따로 부트 캠프라는 교육 프로그램을 활용한다니 정말 좋은 것 같아요 LX를 생각해 볼 때 지적측량 분야만 떠올랐던 것 같은데 영상을 보니 정보 분야에 대해서도 알게 되었네요 이렇게 직원분들이 직접 나와 브이로그 형식으로 하니 더 친숙하고 좋은 것 같네요 그리고 주말부부.. ㅠ 모두들 행복한 회사 생활하셨으면 좋겠네요,https://www.youtube.com/watch?v=jzZy1HxCo40,Positive
2024-12-11,전문적이고 체계적인 교육을 통해 디지털 융합인재로 거듭나는 부트캠프 출신 프로그래밍 개발자분들의 하루일과를 브이로그로 볼 수 있어서 흥미롭게 봤습니다 LX의 혁신을 이끌어 갈 대리님들의 앞으로의 활약도 기대가 되네요,https://www.youtube.com/watch?v=jzZy1HxCo40,Positive
2024-12-11,"LX 부트캠프에서 초보 IT인의 하루라고 하지만 초보가 아닌 느낌이 제대로인데요?!
그새 많이 배운게 영상을 뚫고 전달되네요 더 많이 배우고 배워서 전문가로 거듭나시길 바래요",https://www.youtube.com/watch?v=jzZy1HxCo40,Positive
2024-12-11,LX부트 캠프 공공기관의 하는일 을 알게되서 좋아요,https://www.youtube.com/watch?v=jzZy1HxCo40,Positive
2024-12-11,하시는거 보니 초보가 아니신거 같아요 대단 하시다..,https://www.youtube.com/watch?v=jzZy1HxCo40,Positive
2024-12-11,하시는 일이 엄청 많으시네요 힘내세요! 영상 너무 잘봤어요!,https://www.youtube.com/watch?v=jzZy1HxCo40,Positive
2024-12-11,태현우 대리님과 정선용 대리님의 열정이 돋보인 영상이었어요. 지적측량에서 프로그래밍 개발자로 전직하는 과정이 흥미로웠습니다. IT 분야에 관심이 있는 사람들에게 도움이 크게 될 거 같아요! 몰랐던 분야의 이야기를 이렇게 영상을 보며 알아갈 수 있어서 정말 좋아요,https://www.youtube.com/watch?v=jzZy1HxCo40,Positive
2024-12-11,"뭔가 상황실 같기도 하고,  긴장감도 흐르고 색다른 모습 잘 봤습니다.",https://www.youtube.com/watch?v=jzZy1HxCo40,Positive
2024-12-11,"지적측량하다가 개발자로 전직하다니 멋있어요 전문교육을 해줘서 디지털 융합인재로 다시 태어나고 정확하게 배울수 있어서 넘 좋은거같아요. 많은 부류들을 두루두루 배울수 있는게 정말 큰 행복인데 업무부터 회의, IT까지 여러가지 업무를 배우고 해내시는 모습이 보기 좋았던거같아요좋아요 앞으로도 많은 성과를 낼수 있으시기를 응원합니다. LX에서 다양한걸 배울수도 있고 많은 직원분들이 열정적으로 해나가는 모습이 보여서 미래에 더욱 승승장구하지 않을까 싶네요좋아요",https://www.youtube.com/watch?v=jzZy1HxCo40,Positive
2024-12-11,IT인의 하루를 몰랐는데 브이로그를 통해 잘 보았네요. 실무에서 좋은 모습 보여주길 응원합니다.,https://www.youtube.com/watch?v=jzZy1HxCo40,Positive
2024-12-11,"부트 캠프를 통해 융합인재로 거듭날수 있다니 넘 좋네요
부트캠프 출신 개발자의 업무도 알수 있어서 좋았습니다 
태현우 , 정선용 대리님 함께 해 주셔서 반가웠어요",https://www.youtube.com/watch?v=jzZy1HxCo40,Positive
2024-12-11,주말부부가 되면서까지 이렇게 공사발전을 위해 노력하시는 모습 너무 보기좋은 것 같아요 앞으로도 LX를 부탁해좋아요,https://www.youtube.com/watch?v=jzZy1HxCo40,Positive
2024-12-11,"영상을 보니 측량과 프로그래밍이라는 두 분야를 융합하며 성장하는 모습이 정말 멋집니다! 초보 IT인으로서 도전하고 배우는 과정이 인상 깊고, 특히 실무 중심의 교육이 실질적인 역량을 키우는 데 큰 도움이 될 것 같아요. 앞으로도 이런 좋은 프로그램이 더 많은 인재들에게 기회를 주길 바랍니다. 응원합니다!",https://www.youtube.com/watch?v=jzZy1HxCo40,Positive
2024-12-11,"부트캠프 출신의 프로그래밍 개발자의 하루를 태현우 대리님과 정선용 대리님 덕분에 만나 볼 수 있어서 좋았답니다.
LX에서 두분의 활약이 기대되네요.
응원하겠습니다. 좋아요",https://www.youtube.com/watch?v=jzZy1HxCo40,Positive
2024-12-11,우와 부트캠프 너무 재밌을 거 같아요!!,https://www.youtube.com/watch?v=jzZy1HxCo40,Positive
2024-12-11,"부트 캠프를 통해 융합인재로 거듭날 수 있는 기회! 
디지털 시대의 꼭 필요한 전문 교육을 받을 수 있어서 너무 좋은 것 같아요 ",https://www.youtube.com/watch?v=jzZy1HxCo40,Positive
2024-12-11,"IT에 관심이 많은 분들에게 좋은 정보 인것 같습니다.
LX 전문교율을 통하여 디지털 융합인재로 거듭나는 LX 부트캠프 응원합니다. 
브이로그 잘 봤어요 !!",https://www.youtube.com/watch?v=jzZy1HxCo40,Positive
2024-12-11,LX 부트캠프를 통해 IT 개발자로 전직이요? 대단한 결심이십니다. 지적측량에서 프로그래밍까지의 전환 과정을 볼 수 있어서 이 또한 유익했습니다.부트캠프 교육을 통해서 디지털 융합 인재로 거듭나는지 잘 참고하였습니다. IT에 관심이 있는 분드레게 유익할 듯 하네요. 고생 하셨구요 그리고 감사합니다.,https://www.youtube.com/watch?v=jzZy1HxCo40,Positive
2024-12-11,"지적측량에서 프로그래밍 개발자로 전직한 두 대리의 일상과 업무네요? 태현우, 정선용 대리 두 대리님의 2주차 실무 경험을 통해 부트캠프 출신 개발자의 실제 업무와 회의를 엿볼 수 있어서 좋았습니다. 특히 IT에 관심 있는 사람들에게 유익한 정보가 될 듯 하네요. 디지털 융합인재로 성장하는 과정.. .잘 봤습니다.",https://www.youtube.com/watch?v=jzZy1HxCo40,Positive
2024-12-11,"열심히 일하시는 모습 보기 좋네요 
브이로그 재밌게 잘봤습니다 
앞으로도 응원하겠습니다",https://www.youtube.com/watch?v=jzZy1HxCo40,Positive
2024-12-11,"LX부트캠프 공공기관 브이로그 영상 잘 시청했습니다.
전문교육을 통해 디지털 융합인재로 전직을 할 수도 있는 부트캠프, 정말 멋진 것 같습니다.
초보 IT인에서 디지털 융합인재로 선도적인 역할을 수행해 나가시길 기원합니다.
더불어 앞으로 멋진 행보를 이어나가길 응원하겠습니다.",https://www.youtube.com/watch?v=jzZy1HxCo40,Positive
2024-12-11,프로그래밍 교육 브이로그 좋았습니다!,https://www.youtube.com/watch?v=jzZy1HxCo40,Positive
2024-12-11,"LX부트캠프 공공기관 브이로그 잘 시청했습니다.
전직으로 낯섦도 있겠지만 처음의 각오와 열정으로 우수한 인재로 성장해가시길 바랍니다.
LX부트캠프 모습이 흥미롭고 일하는 모습들이 인상 깊었습니다.
항상 건승하시고, 계속해서 승승장구하길 기원하겠습니다.",https://www.youtube.com/watch?v=jzZy1HxCo40,Positive
2024-12-11,"공공기관 브이로그 잘 시청했습니다.
IT에 대해서는 잘 모르지만 하는 업무만 다르지 열정이 담긴 모습을 어느 곳이나 마찬가라지라는 생각이 듭니다.
전직을 했지만 그만큼 역량이 뛰어나기 때문에 가능하지 않았을까 생각합니다.
앞으로 더 많은 성원과 사랑을 받길 응원하겠습니다.",https://www.youtube.com/watch?v=jzZy1HxCo40,Positive
2024-12-11,열심히 일하시는 분들 응원합니다.,https://www.youtube.com/watch?v=jzZy1HxCo40,Positive
2024-12-11,브이로그 잘 보았어요!,https://www.youtube.com/watch?v=jzZy1HxCo40,Positive
2024-12-10,Lx 업무환경 최고네요 정말 !! 한때 입사를 꿈꿨었는데 ㅎㅎ 다들 대단하세요,https://www.youtube.com/watch?v=jzZy1HxCo40,Positive
2024-12-10,"LX부트캠프를 통해 IT전문인으로 발전하는 디지털 융합인재!
정말 멋지고 응원합니다",https://www.youtube.com/watch?v=jzZy1HxCo40,Positive
2024-12-10,"사무실 넓고 쾌적해서 좋아보여요 보안되는 사물함도 최고다 근무 하시는분들 부럽습니다. 그리고 어? 금지 너무 공감가요 ㅋㅋ 심장 철렁하게하는 마성의 단어.. 
초보IT인이라고 하셨는데 그럼에도 자사에서 온 문제사항을 금방 해결 하시다니 당신 초보아니지..부트캠프 덕분인건가요최고에요 카메라맨님 가끔 뾰족한 질문 하시는데 그게 웃음포인트예요좋아요 아무튼 등장하신분들 모두 멋있으세요. 모든게 계획대로 잘 이뤄질수있길 기원합니다!",https://www.youtube.com/watch?v=jzZy1HxCo40,Positive
2024-12-10,"브이로그로 소통하듯이 해주시니
더욱 더 지루하지않고 볼 수 있었네요!",https://www.youtube.com/watch?v=jzZy1HxCo40,Positive
2024-12-10,"LX 부트캠프에서 초보 IT인의 하루를 보니 신기하네요
처음엔 초보지만 나중엔 경력을 쌓아 멋진 직원이 되길 응원합니다.",https://www.youtube.com/watch?v=jzZy1HxCo40,Positive
2024-12-10,LX 부트캠프에서 어떤일을 하고 있는지 잘 알 수 있었어요 지적측량을 하시다가 프로그래밍 개발자로 전직하셔서 열심히 일하시는 모습 멋지세요 응원합니다,https://www.youtube.com/watch?v=jzZy1HxCo40,Positive
2024-12-10,너무 생소한 업무를 하시는데 .. 새로운직업에대한 공부가 되네요..,https://www.youtube.com/watch?v=jzZy1HxCo40,Positive
2024-12-10,"지적측량에서 IT 개발자로의 전환이라니 LX의 부트캠프는 정말 놀랍네요! 
태현우, 정선용 대리님처럼 디지털 융합인재로 성장할 수 있는 전문교육 부트갬프! IT에 관심 있는 LX인들에게 큰 기회가 되어 주겠어요.  
새로운 성장을 위한 지원이 앞으로 쭉 이어지길 바랍니다",https://www.youtube.com/watch?v=jzZy1HxCo40,Positive
2024-12-10,지적측량에 관해서 부트캠프에서 무엇을 하는지  잘 알게됐습니다 참 유익하네요,https://www.youtube.com/watch?v=jzZy1HxCo40,Positive
2024-12-10,국토정보공사에서 어떤 분야의 업무를 하는지 더 세세하게 알수 있는 영상이었습니다. 더 발전해나가길 바랍니다,https://www.youtube.com/watch?v=jzZy1HxCo40,Positive
2024-12-10,앜ㅋㅋ주말부부..ㅎ 찐텐션 재밌게 봤습니당,https://www.youtube.com/watch?v=jzZy1HxCo40,Positive
2024-12-10,프로그래밍 전공자가 아닌데 LX부트캠프 교육을 통해 IT업무에 투입이 된다고 하니 아주 인상적네요. 브이로그 영상을 통해 보여진 LX의 복지시설과 교육과정 등 많은 부분들이 부럽네요.좋아요,https://www.youtube.com/watch?v=jzZy1HxCo40,Positive
2024-12-10,지적측량 실무자에서 프로그래밍 개발자로 전직하여 일하시는 모습을 상세하게 영상으로 담아 보여주셔서 차후에도 관심있는 분들에게 많은 도움이 될 것 같습니다. 회사차원에서 부트캠프를 운영하여 잘 적응할 수 있도록 돕는 모습 멋집니다. 두대리님 응원하겠습니다!!,https://www.youtube.com/watch?v=jzZy1HxCo40,Positive
2024-12-10,LX 부트캠프를 통한 유익한 내용 덕분에 웃고 갑니다 ㅎㅎ,https://www.youtube.com/watch?v=jzZy1HxCo40,Positive
2024-12-10,LX부트캠프에 대해 이번 영상을 통해 알게 되고 함께 응원하는 소중한 시간이 되었네요,https://www.youtube.com/watch?v=jzZy1HxCo40,Positive
2024-12-10,측럄 각종. 프로그램 영상정보.  응원,https://www.youtube.com/watch?v=jzZy1HxCo40,Positive
2024-12-10,lx 가고싶어요 정말정말 다음에도 업무 브이로그 많이 올려주세요,https://www.youtube.com/watch?v=jzZy1HxCo40,Neutral
2024-12-10,브이로그를 통해 LX에서 하는 일을 조금이나마 알게 되네요. 구성원들이 행복한 LX가 되기를 바라겠습니다.,https://www.youtube.com/watch?v=jzZy1HxCo40,Positive
2024-12-10,"지적측량과 관련해 궁금증이 풀렸어요 좋은 영상 늘 감사합니다 ㅎㅎ
It 세계는 어렵네요..",https://www.youtube.com/watch?v=jzZy1HxCo40,Positive
2024-12-10,"지적측량 전문 분야에서 IT 개발자로 전환하시고, 멋진 활약을 펼치시는 모습에 엄지척입니다!
디지털 융합인재로 거듭나고자 최선을 다하시는 모습과 함께 앞으로도 자신의 자리에서 빛나길 바랍니다",https://www.youtube.com/watch?v=jzZy1HxCo40,Positive
2024-12-10,LX하면 측량만 떠올렸는데 프로그래밍 교육도 있군요 ! 브이로그 재밌고 유익해요 ,https://www.youtube.com/watch?v=jzZy1HxCo40,Positive
2024-12-10,"2주차인 태현우 , 정선용 대리님의 브이로그를 통해
부트캠프 이야기를 잘봤습니다",https://www.youtube.com/watch?v=jzZy1HxCo40,Positive
2024-12-10,"전 직원분들 브이로그가 은근히 재밌더라구요
응원하겠습니다!!",https://www.youtube.com/watch?v=jzZy1HxCo40,Positive
2024-12-10,LX만의 체계적인 교육 시스템이 돋보이는 영상이었습니다.,https://www.youtube.com/watch?v=jzZy1HxCo40,Positive
2024-12-10,"힐링채움이 활짝피는 희망과 행복이  가득한 곳이길 바라면서

 매일 매일 큰 관심과 애정 듬뿍 받으시기를 늘 바라며

응원 가득 공유나눔愛 함께 힐링의 덤 드릴게요!!",https://www.youtube.com/watch?v=jzZy1HxCo40,Positive
2024-12-10,LX 부트캠프에서 IT 초보들의 브이로그 식 하루 영상 너무 재밌게 봤습니다,https://www.youtube.com/watch?v=jzZy1HxCo40,Positive
2024-12-10,브이로그로라 재밌네요,https://www.youtube.com/watch?v=jzZy1HxCo40,Positive
2024-12-10,"지적측량에서 프로그래밍 개발자로 전직하는 과정이 정말 흥미롭네요! 부트캠프에서 배운 내용을 실제 업무에 어떻게 적용하는지 잘 보여주는 영상이에요. 실무 2주차, 태현우 대리님과 정선용 대리님의 노력과 성장 과정이 멋지네요! IT 분야에 관심이 있는 사람들에게 큰 도움이 될 것 같아요. 최고에요",https://www.youtube.com/watch?v=jzZy1HxCo40,Positive
2024-12-10,제 오랜 꿈의 직장 LX .. 공부 열심히해서 꼭 들어가겠습니다 ..,https://www.youtube.com/watch?v=jzZy1HxCo40,Negative
2024-12-10,"LX 부트캠프 교육으로 맞춤형 인재를 양성 할 수 있으니 이보다 더 좋을 수는 없겠어요
최신기술과 공간정보산업 확장 등  미래 산업을 이끌어갈 직원들의 능력을 기대 합니다",https://www.youtube.com/watch?v=jzZy1HxCo40,Negative
2024-12-10,브이로그 통해서 어떤일 하는지 알게되어서 유익하네요!,https://www.youtube.com/watch?v=jzZy1HxCo40,Positive
2024-12-10,브이로그를 통해서 직원분들의 노고를 엿볼수 있어서 좋았어요. 주말부부의 장단점을 물어보시는 부분은 특히 너무 재밌었네요 ㅎㅎ,https://www.youtube.com/watch?v=jzZy1HxCo40,Positive
2024-12-10,프로그래밍 하는 모습을 브이로그 형식으로 보니 신기하면서도 엄청 어려워 보여요,https://www.youtube.com/watch?v=jzZy1HxCo40,Positive
2024-12-10,브이로그로 설명해주시니 더욱 컨텐츠가 재미있어요,https://www.youtube.com/watch?v=jzZy1HxCo40,Positive
2024-12-10,공공기관 브이로그 잘 봤습니다. 제가 잘 모르는 분야의 일을 하고 있고 새로 알게 되어 관심있게 보았습니다. 공간정보연구원이라는 새로운 직업을 알게 된 점도 좋았습니다.,https://www.youtube.com/watch?v=jzZy1HxCo40,Positive
2024-12-10,lx의 정보관련 업무에 대해 잘 알게 되었습니다,https://www.youtube.com/watch?v=jzZy1HxCo40,Positive
2024-12-10,측량뿐만 아니라 이렇게 프로그래밍 교육과 업무에 관한 내용도 알게되었습니다. 항상 고생하십니다,https://www.youtube.com/watch?v=jzZy1HxCo40,Positive
2024-12-10,"LX부트캠프 태현우, 정선영 대리님의 
브이로고 잘 보았습니다 
갑자기 위급한 상황에서도 바로 문제해결까지 
퍼펙트한 정선용 대리님 최고에요
초보자지만 배우면서 노력하시는 99점 태현우 대리님  항상 힘차게 응원하겠습니다",https://www.youtube.com/watch?v=jzZy1HxCo40,Positive
2024-12-10,Lx가 프로그래밍  교육으로  직원들 수준도  높이며 업무혁신하는  모습 좋습니다.,https://www.youtube.com/watch?v=jzZy1HxCo40,Positive
2024-12-10,"초보 IT인이지만 앞으로 경력이 쌓여져
스마트한 능력자가 되길 응원할게요!",https://www.youtube.com/watch?v=jzZy1HxCo40,Positive
2024-12-10,측량하다 프로그래밍 하는 초보 IT인의 하루 잘 봤습니다 주말부부라니 정말 슬플것? 같네요 앞으로도 꽃길만 걷고 힘내시길 바라요 파이팅!,https://www.youtube.com/watch?v=jzZy1HxCo40,Positive
2024-12-09,저희 공사 수요에 맞는 자체 프로그램을 개발할수 날을 기대해보겠습니다. 고생많으십니다.,https://www.youtube.com/watch?v=jzZy1HxCo40,Positive
2024-12-09,LX부트캠프라는 단어가 낯설지만 뭔가 특수조직양성화하는 것 같아 신기하고 더 많은걸 배우시고 연구하셔서 LX의 발전기여되길 바랍니다 좋은 영상 감사합니다,https://www.youtube.com/watch?v=jzZy1HxCo40,Positive
2024-12-09,부트캠프에서는 이런 일을 하는군요.. 앞으로도 힘내주세용,https://www.youtube.com/watch?v=jzZy1HxCo40,Positive
2024-12-09,LX의 다른 세상을 보는거 같습니다. 사무실 너무 부럽네요. 정보운영부가 어떤일을 하는지 알게 되었습니다.,https://www.youtube.com/watch?v=jzZy1HxCo40,Positive
2024-12-09,"LX에 정말 취업하고 싶은데 직원분들 브이로그 보고 더욱 가고 싶어졌습니다
업무적으로 힘들어보이지만 공익을 위해서 열심하는 모습 정말 존경스럽고 감사합니다",https://www.youtube.com/watch?v=jzZy1HxCo40,Positive
2024-12-09,"LX부트캠프 공공기관 브이로그 너무 재밌네요 ㅎㅎ 
일반인들에게는 생소한 곳이라서 그런지 너무 신기한것들이 많아서 지루하지 않고 재밌게 본것 같네요 
특히 생각보다 근무환경이 너무 깨끗하게 잘되어 있고 복지도 좋은것 같고 많은 청년들에게 꿈직장일듯 하네요 ㅎㅎ",https://www.youtube.com/watch?v=jzZy1HxCo40,Positive
2024-12-09,"LX부트캠프 공공기관 브이로그 정말 재미있고 유익하네요
앞으로도 현장의 생생한 이야기 더 재미있게 만나보고 싶어요",https://www.youtube.com/watch?v=jzZy1HxCo40,Positive
2024-12-09,"LX한국국토정보공사에서도 IT쪽 개발자분들이 많이 계셨군요!! 전 토지와 관련된 일을 위주로 현장 업무가 많을거라고 생각했는데 그게 아니였네요
LX부트캠프 관계자분들의 인터뷰 영상도 너무 유익했고 디지털 인재도 양성하시는 LX부트캠프 응원할게요!!",https://www.youtube.com/watch?v=jzZy1HxCo40,Positive
2024-12-09,"LX 부트캠프가 단순한 교육이 아니라 디지털과 현장 경험을 융합한 실질적 성장의 기회라는 게 인상 깊었습니다.
개발자로서의 도전이 멋져 보였고, 
LX의 미래가 더 기대됩니다.",https://www.youtube.com/watch?v=jzZy1HxCo40,Positive
2024-12-09,"진짜 회사 출근해서 선배님들 쫓아다니는 신입사원의 시선에서 촬영한 거 같아요.
업무를 자세히 파악할 수 있어서 신기했어요. 
IT 전공 하지 않았는데 부트캠프에서 교육받고 업무시작하셨다는 점이 인상깊어요.
부트캠프 자신있게 지원하라는 말씀 기억하고, 많은 분들 용기 내셨으면 좋겠습니다.",https://www.youtube.com/watch?v=jzZy1HxCo40,Positive
2024-12-09,Lx부트캠프에 대해 잘 알려주셔서 감사합니다,https://www.youtube.com/watch?v=jzZy1HxCo40,Positive
2024-12-09,LX부트캠프에서 어떤 일을 하고 어떤 과정을 거치는지 생생하게 볼 수 있어서 너무 좋았어요! 지적측량을 하다가 IT쪽으로 전향하기가 정말 어려우셨을것 같은데 그만큼 노력하시고 열정적으로 임하셨을것 같아서 멋있으시네요최고에요 부트캠프에서 좋은 소식이 많이 들렸으면 좋겠고 앞으로도 LX에서 좋은 성과를 가득 내시기를 진심으로 응원하겠습니다! IT계의 한 획을 그으시기를 응원할게요사랑해요,https://www.youtube.com/watch?v=jzZy1HxCo40,Positive
2024-12-09,It관련 부서다보니 어? 금지가 있네요ㅋㅋ역시 모두를 당황하게 하면 안되는게 IT죠 ㅋㅋ 저 글귀를 써놨다는것만으로도 얼마나 부서 분위기가 좋은지 알 수 있는것 같아요좋아요 그리고 뭔가 일하면서도 공부한다는 느낌이 들어서 굉장히 대단하다고 느꼈습니다..! 직장인들 화이팅!!,https://www.youtube.com/watch?v=jzZy1HxCo40,Positive
2024-12-09,"어? 금지  인터넷에서 개그식으로 봤는데 진짜 있네요!
LX최첨단 시스템 원활하게 잘 돌아가길 응원합니다 최고에요",https://www.youtube.com/watch?v=jzZy1HxCo40,Positive
2024-12-09,lx가 측량만 하는곳이 아니라 이렇게 정보관련으로 시스템관련 업무를 하시는 분들도 계신다는 걸 알려주는 영상이라 흥미로웠습니다!,https://www.youtube.com/watch?v=jzZy1HxCo40,Positive
2024-12-09,IT에 관련된 일이 정확히 뭔지 몰랐는데 새롭게 알게돼서 유익하고 흥미로운 영상이였습니다!!,https://www.youtube.com/watch?v=jzZy1HxCo40,Positive
2024-12-09,브이로그 보면서 부트캠프 과정을 좀 더 이해하게 됐어요. 디지털 융합인재라는 말이 딱 맞는 것 같네요. 새로운 분야에 도전하고 실무를 익히는 모습이 응원하고 싶어지더라고요. 앞으로도 LX에서 많은 사람들이 도전할 수 있는 프로그램이 되길 바랍니다!,https://www.youtube.com/watch?v=jzZy1HxCo40,Positive
2024-12-09,태현우 대리님과 정선용 대리님의 하루를 보면서 부트캠프가 어떤 과정을 거치는지 알 수 있었어요. 측량에서 프로그래밍으로 전환하는 게 쉽지 않았을 텐데 이렇게 잘 적응하고 있는 모습이 정말 대단하네요. LX에서 이런 기회를 제공하다니 IT에 관심 있는 분들께 좋은 도전이 될 것 같아요!,https://www.youtube.com/watch?v=jzZy1HxCo40,Positive
2024-12-09,측량하는 업무만 있는 줄 알았는데 다양한 분야가 있는지 알게 되었네요 브이로그를 통해 국토정보공사에 입사하고자 하는 공시생들에게 많은 도움이 될듯해요 측량을 프로그램화하는 it 흥해라,https://www.youtube.com/watch?v=jzZy1HxCo40,Positive
2024-12-09,"주말부부 하면 장단점이 라는 질문에 선뜻 대답을 하시지 못하는 모습이 너무 인간적이여서 웃겼어요ㅋㅋ
LX부트캠프 공공기관 브이로그를 통하여 IT직원분들은 어떤 업무를 하나 알 수 있어서 유익했어요ㅎ",https://www.youtube.com/watch?v=jzZy1HxCo40,Positive
2024-12-09,LX 부트캠프를 통해 초보 IT인의 성장 과정을 보니 정말 흥미롭네요! 디지털 전환 시대에 걸맞은 전문 교육의 중요성을 다시 한 번 느끼게 됩니다. 앞으로도 이렇게 유익한 콘텐츠로 많은 분들께 영감을 주시길 응원합니다! 만세,https://www.youtube.com/watch?v=jzZy1HxCo40,Positive
2024-12-09,"여기에서 대놓고 주말부부의 장단점을 던지시는 PD님..그 전에 대리님의 책상에 있던 많은 약을 보시면서 
대리님을 사지로 몰아넣으실려는 모습에서 악마가 .. 여기 있었군요 ㅋㅋ
내년에도 많은 일을 담당하시는 대리님들 응원합니다. 부트캠프에 관심이 있으신 분들은 지원하셔서 LX의 일원이 되고 1석 2조가 되지 않을까 합니다!",https://www.youtube.com/watch?v=jzZy1HxCo40,Positive
2024-12-09,브이로그를통해 조금이나마 알게된것같아서좋네요,https://www.youtube.com/watch?v=jzZy1HxCo40,Positive
2024-12-09,"저도 주말부부하고 있어서 그런지 더욱 공감이 되네요
영상 잘봤습니다",https://www.youtube.com/watch?v=jzZy1HxCo40,Positive
2024-12-09,부트캠프에 유능한 인재들이 가득하길좋아요,https://www.youtube.com/watch?v=jzZy1HxCo40,Positive
2024-12-09,"태현우, 정선용 대리님이 실무에서 어떤 일을 하는지 볼 수 있어 재밌고 좋았습니다.",https://www.youtube.com/watch?v=jzZy1HxCo40,Positive
2024-12-09,"먼저 국토정보공사가 어떤 곳인지 잘 몰랐는데 브이로그를 통해 많은 점을 알게 되었습니다.
매일 같은 일상에 저는 자꾸만 게을러지는 것 같은 기분이 드는데 ㅜㅜ
지적측량을 하다 프로그래밍하는 개발자로 전직하시면서 새로운 꿈을 향해 나아가시는 모습이 정말 훌륭하다고 생각했습니다.
영상을 보며 새로운 꿈을 키우고 나아가고 싶은 생각이 들었습니다. 응원합니다! 화이팅!",https://www.youtube.com/watch?v=jzZy1HxCo40,Positive
2024-12-09,잘 적응하셔서 좋은 프로그램 개발하시길 기원합니다.,https://www.youtube.com/watch?v=jzZy1HxCo40,Positive
2024-12-09,"지적측량을 하던 사람이 프로그래밍을 배우고 개발자로 전직하다니, 진짜 멋진 변화네요. 태현우, 정선용 대리님이 실무에서 어떤 일을 하는지 자세히 볼 수 있어서 너무 좋았어요.
앞으로 부트캠프 프로그램에 더 많은 사람들이 도전하면 좋겠네요! 디지털융합인재 부트캠프 IT전직",https://www.youtube.com/watch?v=jzZy1HxCo40,Positive
2024-12-09,"지적측량을 하다 프로그래밍하는 개발자로 전직하시다니 정말 멋지세요.
실무에 들어간지 2주차인 태현우, 정선용 대리님 개발자로서 앞으로 더욱 더 승승장구 하시길 힘차게 응원합니다!",https://www.youtube.com/watch?v=jzZy1HxCo40,Positive
2024-12-09,"이제 실무에 들어간지 2주차인 태현우 , 정선용 대리님 브이로그 잘 봤어요.
이번 브이로그를 통해 부트캠프 출신 개발자의 업무부터 회의까지 알아가는 유익한 시간이었어요 좋아요",https://www.youtube.com/watch?v=jzZy1HxCo40,Positive
2024-12-09,"국토정보공사는 어떤곳인지 배우고 갑니다.
직원분들 모두 건강하시고 행복하세요.",https://www.youtube.com/watch?v=jzZy1HxCo40,Positive
2024-12-09,솔직한 모습들을 볼수 있어서 친근해져서 더 좋습니다,https://www.youtube.com/watch?v=jzZy1HxCo40,Positive
2024-12-09,직원 분들의 브이로그를 유익하게 볼 수 있어서 넘 좋았습니다 응원합니다,https://www.youtube.com/watch?v=jzZy1HxCo40,Positive
2024-12-09,국토정보공사는 어떤곳인지 궁금했었는데..직원분들 일상을 꾸밈없이  볼 수 있어서 재밌고 흥미롭네요,https://www.youtube.com/watch?v=jzZy1HxCo40,Positive
2024-12-06,Fighting!!,https://www.youtube.com/watch?v=jzZy1HxCo40,Positive
2024-12-06,하윤님은 언제나 사랑입니다,https://www.youtube.com/watch?v=WoqgajcpLow,Positive
2024-12-06,뽑아윤 민트윤,https://www.youtube.com/watch?v=WoqgajcpLow,Positive
